{
    "products": {
        "id": "STANDARD",
        "title": "STANDARD PLAN",
        "summary": "<p>Standard plan Summary</p>",
        "collaterals": [
            {
                "id": "agreement.pdf",
                "type": "application/pdf",
                "url": "/assets/documents/sample.pdf"
            },
            {
                "id": "termsandcondition.pdf",
                "type": "application/pdf",
                "url": "/assets/documents/sample.pdf"
            }
        ]
    }
}