{
    "activationDetails": {
        "phoneNumber": "323214321f",
        "simCardNumber": "534545454",
        "activationCode": "4235425"
    },
    "contactDetails": {
        "personalInformation": {
            "firstName": "Teastf",
            "lastName": "GHwiiw",
            "email": "test@gg.com"
        },
        "address": {
            "addressLine1": "elecfdjf f dkjsg",
            "addressLine2": "newk; ljdng fdgf",
            "zip": "434324",
            "city": "benafjfd"
        }
    }
}