{  
    "id":"4d26b381-a41c-4128-992d-e736c99e6775",
    "status":"Active",
    "contractNumber":"e42b89c7-3565-46fc-8591-d73cce3dc06e",
    "products":[  
       {  
          "id":"CM_Combo_1228",
          "type":"Standard",
          "status":"Active",
          "maxConsumers":10,
          "resources":[  
             {  
                "resourceNumber":"9876876806",
                "type":"Logical",
                "subType":"MSISDN",
                "status":"Active"
             },
             {  
                "resourceNumber":"98768768069876876806",
                "type":"Logical",
                "status":"Active"
             }
          ],
          "prices":[  
             {  
                "price":"50",
                "priceType":"Recurring",
                "currency":"INR",
                "recurrenceFrequency":"Custom",
                "recurrencePeriod":{  
                   "periodType":"Days",
                   "periodLength":"1"
                },
                "nextRenewalDate":"2019-05-23T05:24:13.000+0000"
             }
          ],
          "productBuckets":[  
             {  
                "id":"componentIdasperMUGconfig",
                "name":"facebook",
                "bucketType":"voice",
                "sharedBucketType":"SHARED_CONSUMER",
                "currentBalance":18000,
                "initialBalance":60000,
                "unit":"seconds",
                "validUntil":"2019-04-23T05:24:13.000+0000",
                "maxSharedQuota":4365,
                "providerMSISDN":3758756709
             },
             {  
                "id":"componentIdasperMUGconfig",
                "name":"facebook",
                "bucketType":"sms",
                "sharedBucketType":"SHARED_CONSUMER",
                "currentBalance":18000,
                "initialBalance":60000,
                "unit":"seconds",
                "validUntil":"2019-04-23T05:24:13.000+0000",
                "maxSharedQuota":4365,
                "providerMSISDN":3758756709
             },
             {  
                "id":"componentIdasperMUGconfig",
                "name":"facebook",
                "bucketType":"data",
                "sharedBucketType":"SHARED_PROVIDER",
                "currentBalance":32212254720,
                "initialBalance":420737418240,
                "unit":"seconds",
                "validUntil":"2019-04-23T05:24:13.000+0000",
                "maxSharedQuota":4365
             },
             {  
                "id":"componentIdasperMUGconfig",
                "name":"facebook",
                "bucketType":"data",
                "sharedBucketType":"SHARED_PROVIDER",
                "currentBalance":32212254720,
                "initialBalance":420737418240,
                "unit":"seconds",
                "validUntil":"2019-04-23T05:24:13.000+0000",
                "maxSharedQuota":4365
             },
             {  
                "id":"componentIdasperMUGconfig",
                "name":"facebook",
                "bucketType":"data",
                "sharedBucketType":"SHARED_PROVIDER",
                "currentBalance":32212254720,
                "initialBalance":420737418240,
                "unit":"seconds",
                "validUntil":"2019-04-23T05:24:13.000+0000",
                "maxSharedQuota":4365
             },
             {  
                "id":"componentIdasperMUGconfig",
                "name":"facebook",
                "bucketType":"data",
                "sharedBucketType":"SHARED_PROVIDER",
                "currentBalance":32212254720,
                "initialBalance":420737418240,
                "unit":"seconds",
                "validUntil":"2019-04-23T05:24:13.000+0000",
                "maxSharedQuota":4365
             },
             {  
                "id":"componentIdasperMUGconfig",
                "name":"facebook",
                "bucketType":"data",
                "sharedBucketType":"SHARED_PROVIDER",
                "currentBalance":32212254720,
                "initialBalance":420737418240,
                "unit":"seconds",
                "validUntil":"2019-04-23T05:24:13.000+0000",
                "maxSharedQuota":4365
             },
             {  
                "id":"componentIdasperMUGconfig",
                "name":"facebook",
                "bucketType":"data",
                "sharedBucketType":"SHARED_PROVIDER",
                "currentBalance":32212254720,
                "initialBalance":420737418240,
                "unit":"seconds",
                "validUntil":"2019-04-23T05:24:13.000+0000",
                "maxSharedQuota":4365
             },
             {  
                "id":"componentIdasperMUGconfig",
                "name":"facebook",
                "bucketType":"data",
                "sharedBucketType":"SHARED_PROVIDER",
                "currentBalance":32212254720,
                "initialBalance":420737418240,
                "unit":"seconds",
                "validUntil":"2019-04-23T05:24:13.000+0000",
                "maxSharedQuota":4365
             },
             {  
                "id":"componentIdasperMUGconfig",
                "name":"facebook",
                "bucketType":"data",
                "sharedBucketType":"SHARED_PROVIDER",
                "currentBalance":32212254720,
                "initialBalance":420737418240,
                "unit":"seconds",
                "validUntil":"2019-04-23T05:24:13.000+0000",
                "maxSharedQuota":4365
             },
             {  
                "id":"componentIdasperMUGconfig",
                "name":"facebook",
                "bucketType":"data",
                "sharedBucketType":"SHARED_PROVIDER",
                "currentBalance":32212254720,
                "initialBalance":420737418240,
                "unit":"seconds",
                "validUntil":"2019-04-23T05:24:13.000+0000",
                "maxSharedQuota":4365
             },
             {  
                "id":"componentIdasperMUGconfig",
                "name":"facebook",
                "bucketType":"data",
                "sharedBucketType":"SHARED_PROVIDER",
                "currentBalance":32212254720,
                "initialBalance":420737418240,
                "unit":"seconds",
                "validUntil":"2019-04-23T05:24:13.000+0000",
                "maxSharedQuota":4365
             }

          ]
       },
       {  
          "id":"CM_Combo_1237",
          "type":"Addon",
          "status":"Active",
          "resources":[  
             {  
                "resourceNumber":"9876876806",
                "type":"Logical",
                "subType":"MSISDN",
                "status":"Active"
             },
             {  
                "resourceNumber":"98768768069876876806",
                "type":"Logical",
                "status":"Active"
             }
          ],
          "prices":[  
             {  
                "price":"0.26",
                "priceType":"Recurring",
                "currency":"INR",
                "recurrenceFrequency":"Custom",
                "recurrencePeriod":{  
                   "periodType":"Days",
                   "periodLength":"1"
                },
                "nextRenewalDate":"2019-04-23T05:24:13.000+0000"
             }
          ],
          "productBuckets":[  
             {  
                "id":"componentIdasperMUGconfig",
                "name":"facebook",
                "bucketType":"voice",
                "currentBalance":18000,
                "initialBalance":6000,
                "unit":"seconds",
                "validUntil":"2019-04-23T05:24:13.000+0000"
             },
             {  
                "id":"componentIdasperMUGconfig",
                "name":"facebook",
                "bucketType":"sms",
                "currentBalance":2000,
                "initialBalance":1000,
                "unit":"NA",
                "validUntil":"2019-04-23T05:24:13.000+0000"
             },
             {  
                "id":"componentIdasperMUGconfig",
                "name":"facebook",
                "currentBalance":32212254720,
                "initialBalance":10737418240,
                "unit":"bytes",
                "validUntil":"2019-04-23T05:24:13.000+0000"
             }
          ]
       }
    ],
    "resources":[  
       {  
          "resourceNumber":"9876876806",
          "type":"Logical",
          "subType":"MSISDN",
          "status":"Active"
       },
       {  
          "resourceNumber":"98768768069876876806",
          "type":"Logical",
          "status":"Active"
       }
    ],
    "customerAccountAssignmentRules":[  
       {  
          "customerAccount":{  
             "id":"9876876806",
             "mainBalance":"199.33",
             "lifeCycleState":{  
                "currentState":"ACTIVE",
                "nextState":"SUPERVISION_EXPIRY",
                "transitionDate":"2019-12-05T11:00:00.000+0000"
             },
             "currency":"INR"
          }
       }
    ]
 }