[
    {
        "consumerResource": "31512314",
        "productId": "string",
        "consumerBuckets": [
            {
                "name": "WHATSAPP DATA",
                "bucketValue": 62212254720,
                "unitOfMeasure": "bytes"
            },
            {
                "name": "DATA",
                "bucketValue": 22212254720,
                "unitOfMeasure": "bytes"
            }
        ]
    },
    {
        "consumerResource": "31512316",
        "productId": "string",
        "consumerBuckets": [
            {
                "name": "Facebook",
                "bucketValue": 72212254720,
                "unitOfMeasure": "bytes"
            },
            {
                "name": "VOICE",
                "bucketValue": 3000,
                "unitOfMeasure": "seconds"
            },
            {
                "name": "SMS",
                "bucketValue": 100,
                "unitOfMeasure": "NA"
            }
        ]
    },
    {
        "consumerResource": "31512518",
        "productId": "string",
        "consumerBuckets": [
            {
                "name": "INTERNATIONAL VOICE",
                "bucketValue": 1600,
                "unitOfMeasure": "seconds",
                "validFor": {
                    "start": "2019-04-26T10:28:56.546+0000",
                    "end": "2019-04-28T10:28:56.546+0000"
                }
            }
        ]
    }
]