[{
        "id": "CM_Data_589",
        "name": "MAINRESET",
        "description": "MAINRESET",
        "validFor": {
            "start": "2018-10-08T09:31:33.000+0000",
            "end": "2018-11-07T09:31:33.000+0000"
        },
        "offerType": "MAINRESET",
        "productOfferingPrice": [
            {
                "price": {
                    "amount": 0
                }
            }
        ],
        "productBuckets": []
    },
    {
        "id": "CM_Data_579",
        "name": "optIN_buy",
        "description": "Optin ",
        "validFor": {
            "start": "2018-07-06T04:55:02.000+0000",
            "end": "2018-07-09T04:55:02.000+0000"
        },
        "offerType": "OptinProduct",
        "productOfferingPrice": [
            {
                "recurrencePeriod": {
                    "periodType": "Hours",
                    "periodLength": 3
                },
                "price": {
                    "amount": 0
                }
            }
        ],
        "productBuckets": [
            {
                "initialBalance": 10737418240,
                "unitOfMeasure": "6"
            },
            {
                "initialBalance": 0,
                "unitOfMeasure": "1"
            },
            {
                "initialBalance": 0,
                "unitOfMeasure": "0"
            }
        ]
    },
    {
        "id": "CM_Data_579",
        "name": "optIN_buy",
        "description": "Optin ",
        "validFor": {
            "start": "2018-07-06T04:55:02.000+0000",
            "end": "2018-07-09T04:55:02.000+0000"
        },
        "offerType": "OptinProduct",
        "productOfferingPrice": [
            {
                "recurrencePeriod": {
                    "periodType": "Hours",
                    "periodLength": 3
                },
                "price": {
                    "amount": 0
                }
            }
        ],
        "productBuckets": [
            {
                "initialBalance": 10737418240,
                "unitOfMeasure": "6"
            },
            {
                "initialBalance": 0,
                "unitOfMeasure": "1"
            },
            {
                "initialBalance": 0,
                "unitOfMeasure": "0"
            }
        ]
    }
]    