{
    "userId": "TestUser4",
    "customerId": 87364873,
    "journeyId": "Onboarding",
    "journeyStatus": "InProgress",
    "journeyType": "ONBOARDING",
    "channelName": "CSR",
    "currentStep": 3,
    "journeyData": {
        "activationDetails": {
            "phoneNumber": "9876543211",
            "simCardNumber": "987654321113232",
            "activationCode": "4235425",
            "location": "England"
        },
        "plan": {
            "id": 1355
        },
        "addons": {
            "id": [
                12434,
                56777,
                67890,
                68789
            ]
        }
    }
}