[
    {
        "id": "4737ba1d-1ec0-4fdc-b3d4-e25694887e0f",
        "status": "active",
        "products": [
            {
                "id": "CM_Combo_555",
                "name": "CM_Combo_555",
                "type": "Standard",
                "status": "Active",
                "resources": [
                    {
                        "resourceNumber": "4564564471",
                        "type": "L",
                        "subType": "MSISDN",
                        "status": "Active"
                    }
                ],
                "prices": [
                    {
                        "price": "15",
                        "priceType": "Recurring",
                        "recurrenceFrequency": "Custom",
                        "recurrencePeriod": {
                            "periodType": "Days",
                            "periodLength": "30"
                        }
                    }
                ],
                "productBuckets": []
            }
        ],
        "resources": [
            {
                "resourceNumber": "4564564471",
                "type": "L",
                "subType": "MSISDN",
                "status": "Active"
            }
        ],
        "customerAccountAssignmentRules": [
            {
                "customerAccount": {
                    "id": "4564564471",
                    "mainBalance": "200.0",
                    "lifeCycleState": {
                        "currentState": "ACTIVE",
                        "nextState": "SUPERVISION_EXPIRY",
                        "transitionDate": "2019-12-05T11:00:00.000+0000"
                    },
                    "currency": "INR"
                }
            },
            {
                "customerAccount": {
                    "id": "4564564472",
                    "mainBalance": "200.0",
                    "lifeCycleState": {
                        "currentState": "ACTIVE",
                        "nextState": "SUPERVISION_EXPIRY",
                        "transitionDate": "2019-12-05T11:00:00.000+0000"
                    },
                    "currency": "INR"
                }
            }
        ]
    }
]