{
    "webPageContents": {
      "webPageId": "selfcare",
      "banner": {
        "title": "banner.jpg",
        "type": "image/png",
        "url": "/documents/39800/39846/banner.jpg"
      },
      "leftImage": {
        "title": "left_img.png",
        "type": "image/png",
        "url": "/documents/39800/39846/left_img.png"
      },
      "offersBanner": {
        "title": "offersBanner.jpg",
        "type": "image/png",
        "url": "/documents/39800/39846/offersBanner.jpg"
      },
      "bottomRightImage": {
        "title": "bottom-right-img.png",
        "type": "image/png",
        "url": "/documents/39800/39846/bottom-right-img.png"
      },
      "footerImage": {
        "title": "footer_bg.png",
        "type": "image/png",
        "url": "/documents/39800/39846/footer_bg.png"
      },
      "footerLightImage": {
        "title": "footer-bg.jpg",
        "type": "image/jpeg",
        "url": "/documents/39800/39846/footer-bg.jpg"
      }
    }
  }